,complexity,loss,score,equation,sympy_format,lambda_format
0,1,2.0068621393944745e-05,0.0,0.9000676057767124,0.9000676057767124,PySRFunction(X=>0.9000676057767124)
1,5,1.7662186574885178e-05,0.03193286698426688,0.9027597233886813 - (x1 * 0.010893817688301971),0.9027597233886813 - 0.010893817688301971*x1,PySRFunction(X=>0.9027597233886813 - 0.010893817688301971*x1)
2,6,1.744470206017756e-05,0.01239000693984131,0.9111874121149435 / (1.0095012423867573 ^ exp(x1)),0.9111874121149435/1.0095012423867573**exp(x1),PySRFunction(X=>0.9111874121149435/1.0095012423867573**exp(x1))
3,7,1.6322053978484626e-05,0.06651879754243897,0.9036648498307819 - ((x0 + x1) * 0.013464962283845694),-0.013464962283845694*x0 - 0.013464962283845694*x1 + 0.9036648498307819,PySRFunction(X=>-0.013464962283845694*x0 - 0.013464962283845694*x1 + 0.9036648498307819)
4,9,1.5933900547934792e-05,0.012034124351527132,(0.9039200067892488 ^ (1.3269539145315774 ^ x0)) / (1.0150347386848986 ^ x1),0.9039200067892488**(1.3269539145315774**x0)/1.0150347386848986**x1,PySRFunction(X=>0.9039200067892488**(1.3269539145315774**x0)/1.0150347386848986**x1)
5,10,1.565109169503944e-05,0.0179082780136375,(0.9123302028024574 ^ (1.3273839490111636 ^ x0)) / (1.0101164812449657 ^ exp(x1)),0.9123302028024574**(1.3273839490111636**x0)/1.0101164812449657**exp(x1),PySRFunction(X=>0.9123302028024574**(1.3273839490111636**x0)/1.0101164812449657**exp(x1))
