,complexity,loss,score,equation,sympy_format,lambda_format
0,1,2.0068621680381523e-05,0.0,0.900067029035768,0.900067029035768,PySRFunction(X=>0.900067029035768)
1,2,2.0068621404216883e-05,1.3761016865213224e-08,exp(-0.1052855665184925),0.9000674567532816,PySRFunction(X=>0.9000674567532816)
2,3,2.006862139276032e-05,5.708693519532389e-10,0.915027652699327 ^ 1.1856333985550527,0.90006758620714078,PySRFunction(X=>0.90006758620714078)
3,5,1.7636245889612865e-05,0.06460063031065101,0.9028448379329362 ^ (1.1271809470023502 ^ x1),0.9028448379329362**(1.1271809470023502**x1),PySRFunction(X=>0.9028448379329362**(1.1271809470023502**x1))
4,6,1.7416973440175114e-05,0.012510994068865106,0.9106617228929508 ^ (1.095191702626238 ^ exp(x1)),0.9106617228929508**(1.095191702626238**exp(x1)),PySRFunction(X=>0.9106617228929508**(1.095191702626238**exp(x1)))
5,7,1.632746747800015e-05,0.06459640487318147,0.9035563430974518 - ((x0 + x1) * 0.013019692822034277),-0.013019692822034277*x0 - 0.013019692822034277*x1 + 0.9035563430974518,PySRFunction(X=>-0.013019692822034277*x0 - 0.013019692822034277*x1 + 0.9035563430974518)
6,8,1.6298036867870138e-05,0.001804147932914034,0.9036127930758379 ^ (exp(0.13891227767699132) ^ (x1 + x0)),0.9036127930758379**(1.1490233005893715**(x0 + x1)),PySRFunction(X=>0.9036127930758379**(1.1490233005893715**(x0 + x1)))
7,9,1.5724565631374367e-05,0.03582048360664691,0.9029750243542648 ^ ((x0 - -1.10272894067786) ^ (x1 + x4)),0.9029750243542648**((x0 + 1.10272894067786)**(x1 + x4)),PySRFunction(X=>0.9029750243542648**((x0 + 1.10272894067786)**(x1 + x4)))
