,complexity,loss,score,equation,sympy_format,lambda_format
0,1,0.0060726861300817,0.0,0.7224643784872737,0.7224643784872737,PySRFunction(X=>0.7224643784872737)
1,2,0.006072685925097,3.3755194765057247e-08,log(2.059485370312062),0.7224561313543532,PySRFunction(X=>0.7224561313543532)
2,4,0.0036049412405391,0.26074776390491594,log(x3 + 1.8228794408338325),log(x3 + 1.8228794408338325),PySRFunction(X=>log(x3 + 1.8228794408338325))
3,5,0.0010556249438978,1.2281725157357364,0.5470266745950686 ^ (x1 ^ x3),0.5470266745950686**(x1**x3),PySRFunction(X=>0.5470266745950686**(x1**x3))
4,7,0.0006979693678462,0.20685650911194958,0.6142214407854645 ^ ((x1 ^ x3) - -0.13728555232769984),0.6142214407854645**(x1**x3 + 0.13728555232769984),PySRFunction(X=>0.6142214407854645**(x1**x3 + 0.13728555232769984))
5,8,0.0006878780936257,0.014563583456306681,-0.06693186234572565 + (exp(-0.4458500111333402) ^ (x1 ^ x3)),0.640279799701431**(x1**x3) - 0.06693186234572565,PySRFunction(X=>0.640279799701431**(x1**x3) - 0.06693186234572565)
6,9,0.0005751131736468,0.1790447875722351,0.6049161321880212 ^ ((x1 ^ x3) - (x0 * -0.17697873561907665)),0.6049161321880212**(0.17697873561907665*x0 + x1**x3),PySRFunction(X=>0.6049161321880212**(0.17697873561907665*x0 + x1**x3))
7,10,0.0005751085824449,7.98315955290535e-06,exp(-0.5026518146330861) ^ ((x1 ^ x3) - (x0 * -0.17647052379775746)),0.6049243835484045**(0.17647052379775746*x0 + x1**x3),PySRFunction(X=>0.6049243835484045**(0.17647052379775746*x0 + x1**x3))
