,complexity,loss,score,equation,sympy_format,lambda_format
0,1,0.015526292482273,0.0,0.7248162546353022,0.7248162546353022,PySRFunction(X=>0.7248162546353022)
1,2,0.0155262924124102,4.499644666997981e-09,log(2.064380866638592),0.7248303590062139,PySRFunction(X=>0.7248303590062139)
2,3,0.0128719572073043,0.1874837863254693,x2 ^ 0.13047681981590883,x2**0.13047681981590883,PySRFunction(X=>x2**0.13047681981590883)
3,4,0.0098350984082237,0.2690936274943853,log(x3 + 1.8307103214454878),log(x3 + 1.8307103214454878),PySRFunction(X=>log(x3 + 1.8307103214454878))
4,5,0.0035368981062206,1.0227073558696624,0.534806024981809 ^ (x1 ^ x3),0.534806024981809**(x1**x3),PySRFunction(X=>0.534806024981809**(x1**x3))
5,7,0.0022170453251205,0.23353736353385826,0.4218120484192633 ^ (x1 ^ (x3 ^ 0.6917376681242824)),0.4218120484192633**(x1**(x3**0.6917376681242824)),PySRFunction(X=>0.4218120484192633**(x1**(x3**0.6917376681242824)))
6,8,0.0022170192865882,1.1744769001153413e-05,log(1.5253801871101502) ^ (x1 ^ (x3 ^ 0.6922799967303114)),0.42224368201158953**(x1**(x3**0.6922799967303114)),PySRFunction(X=>0.42224368201158953**(x1**(x3**0.6922799967303114)))
7,9,0.0019295047225786,0.1389002804460916,0.4157800118164894 ^ ((x1 ^ x3) ^ (x4 ^ -0.4611087857814453)),0.4157800118164894**((x1**x3)**(x4**(-0.4611087857814453))),PySRFunction(X=>0.4157800118164894**((x1**x3)**(x4**(-0.4611087857814453))))
8,10,0.0019295028978296,9.457089384781621e-07,exp(-0.8782047895851122) ^ ((x1 ^ x3) ^ (x4 ^ -0.46193758982866856)),0.4155282030618144**((x1**x3)**(x4**(-0.46193758982866856))),PySRFunction(X=>0.4155282030618144**((x1**x3)**(x4**(-0.46193758982866856))))
