,complexity,loss,score,equation,sympy_format,lambda_format
0,1,0.0155262974755927,0.0,0.7247544804554594,0.7247544804554594,PySRFunction(X=>0.7247544804554594)
1,2,0.0155262924574166,3.232049958171261e-07,log(2.0643546573791505),0.72481766298376860,PySRFunction(X=>0.72481766298376860)
2,3,0.0131268363800919,0.16787616106537967,x4 ^ 0.28710186130452875,x4**0.28710186130452875,PySRFunction(X=>x4**0.28710186130452875)
3,4,0.0098350984394582,0.28870125247737694,log(1.8307210839680945 + x3),log(x3 + 1.8307210839680945),PySRFunction(X=>log(x3 + 1.8307210839680945))
4,5,0.0035368982351865,1.0227073225824872,0.5348249864225645 ^ (x1 ^ x3),0.5348249864225645**(x1**x3),PySRFunction(X=>0.5348249864225645**(x1**x3))
5,6,0.0035368981020985,3.762845128559269e-08,exp(-0.6258469321679155) ^ (x1 ^ x3),0.5348082903126809**(x1**x3),PySRFunction(X=>0.5348082903126809**(x1**x3))
6,7,0.0022170499778802,0.46707262727361915,0.4218483380321411 ^ (x1 ^ (x3 ^ 0.6919099643858965)),0.4218483380321411**(x1**(x3**0.6919099643858965)),PySRFunction(X=>0.4218483380321411**(x1**(x3**0.6919099643858965)))
7,8,0.0022170338635567,7.268389176446399e-06,log(1.5256959425078322) ^ (x1 ^ (x3 ^ 0.6922434793421162)),0.42245066170360318**(x1**(x3**0.6922434793421162)),PySRFunction(X=>0.42245066170360318**(x1**(x3**0.6922434793421162)))
8,9,0.0022017945213651,0.0068974856147778285,0.4183791649222741 ^ ((x1 ^ 1.063004676189635) ^ (x3 ^ 0.7188342711984768)),0.4183791649222741**((x1**1.063004676189635)**(x3**0.7188342711984768)),PySRFunction(X=>0.4183791649222741**((x1**1.063004676189635)**(x3**0.7188342711984768)))
